{"query":{"text":"苹果","type":"pin","sort":"all","page":2},"pins":[{"pin_id":941694908,"user_id":18890608,"board_id":30155478,"file_id":122545001,"file":{"bucket":"hbimg","key":"08549dfd6531c5fe901abb94b65a619c4a41a753112ea-aMjh4R","type":"image/jpeg","height":"600","width":"497","frames":"1"},"media_type":0,"source":null,"link":null,"raw_text":"苹果","text_meta":{},"via":1,"via_user_id":0,"original":null,"created_at":1480662335,"like_count":7,"comment_count":0,"repin_count":86,"is_private":0,"extra":null,"orig_source":null,"tags":[],"user":{"user_id":18890608,"username":"泽芥","urlname":"h12zaisg2iw","created_at":1465304827,"avatar":{"id":40428071,"farm":"farm1","bucket":"hbimg","key":"e309f4e8e0985358fcf5abd8f469048adca2d33c2bda-UQyAS3","type":"image/gif","width":100,"height":100,"frames":1},"extra":null},"board":{"board_id":30155478,"user_id":18890608,"title":"Fruits--水果","description":"","category_id":"food_drink","seq":14,"pin_count":4652,"follow_count":2586,"like_count":64,"created_at":1465307879,"updated_at":1546169499,"deleting":0,"is_private":0,"extra":{"cover":{"pin_id":"1577143230"}}}},{"pin_id":839305457,"user_id":18890608,"board_id":30155478,"file_id":113296042,"file":{"bucket":"hbimg","key":"73106cbc9a17247ed7803318c37928725285ae9713035-W7Z1rH","type":"image/jpeg","height":"600","width":"600","frames":"1"},"media_type":0,"source":null,"link":null,"raw_text":"苹果","text_meta":{},"via":1,"via_user_id":0,"original":null,"created_at":1472639365,"like_count":5,"comment_count":0,"repin_count":86,"is_private":0,"extra":null,"orig_source":null,"tags":[],"user":{"user_id":18890608,"username":"泽芥","urlname":"h12zaisg2iw","created_at":1465304827,"avatar":{"id":40428071,"farm":"farm1","bucket":"hbimg","key":"e309f4e8e0985358fcf5abd8f469048adca2d33c2bda-UQyAS3","type":"image/gif","width":100,"height":100,"frames":1},"extra":null},"board":{"board_id":30155478,"user_id":18890608,"title":"Fruits--水果","description":"","category_id":"food_drink","seq":14,"pin_count":4652,"follow_count":2586,"like_count":64,"created_at":1465307879,"updated_at":1546169499,"deleting":0,"is_private":0,"extra":{"cover":{"pin_id":"1577143230"}}}},{"pin_id":2863967,"user_id":114554,"board_id":451119,"file_id":1315988,"file":{"farm":"farm1","bucket":"hbimg","key":"1b16d9600ebf4391a44f06aba85a6d89886bb7e2284ec-PdqT45","type":"image/jpeg","width":600,"height":416,"frames":1},"media_type":0,"source":"duoxinqi.com","link":"http://www.duoxinqi.com/view/2518.html","raw_text":"苹果","text_meta":null,"via":2,"via_user_id":0,"original":null,"created_at":1332737423,"like_count":5,"comment_count":0,"repin_count":87,"is_private":0,"extra":null,"orig_source":null,"tags":[],"user":{"user_id":114554,"username":"多新奇","urlname":"duoxinqi","created_at":1330915273,"avatar":{"id":7309908,"farm":"farm1","bucket":"hbimg","key":"cb9445b72483d95729721a91c2860192c9edc194309d-mbd8ic","type":"image/jpeg","width":180,"height":180,"frames":1},"extra":null},"board":{"board_id":451119,"user_id":114554,"title":"美图","description":"","category_id":"photography","seq":9,"pin_count":56,"follow_count":9323,"like_count":0,"created_at":1332737369,"updated_at":1347241868,"deleting":0,"is_private":0,"extra":null}},{"pin_id":111182772,"user_id":970352,"board_id":7805070,"file_id":30478249,"file":{"farm":"farm1","bucket":"hbimg","key":"5281fafce96c58a1970e7aaa3b3aa21628f561b21d4d0-govPEs","type":"image/jpeg","width":1024,"height":819,"frames":1},"media_type":0,"source":"image.baidu.com","link":"http://image.baidu.com/i?ct=503316480&z=3&tn=baiduimagedetail&ipn=d&word=%E8%8B%B9%E6%9E%9C&step_word=&ie=utf-8&in=29155&cl=2&lm=-1&st=-1&pn=14&rn=1&di=206945161250&ln=1998&fr=&&fmq=1381373132998_R&ic=0&s=&se=1&sme=0&tab=&width=0&height=0&face=0&is=&istyp","raw_text":"苹果","text_meta":null,"via":7,"via_user_id":0,"original":null,"created_at":1381373260,"like_count":8,"comment_count":0,"repin_count":83,"is_private":0,"extra":null,"orig_source":null,"tags":[],"user":{"user_id":970352,"username":"橙子汐汐","urlname":"ronger2008","created_at":1350107018,"avatar":{"id":96493457,"farm":"farm1","bucket":"hbimg","key":"45271e2957cbf3c07cd786dcaefdaa94ba360d6227a3b-o5dafF","type":"image/jpeg","height":"1200","frames":"1","width":"1920"},"extra":null},"board":{"board_id":7805070,"user_id":970352,"title":"高清图片素材","description":"","category_id":"design","seq":43,"pin_count":150,"follow_count":589,"like_count":2,"created_at":1371785991,"updated_at":1402040433,"deleting":0,"is_private":0,"extra":null}},{"pin_id":763083488,"user_id":18890608,"board_id":30155478,"file_id":55030089,"file":{"farm":"farm1","bucket":"hbimg","key":"ee32b1235dd7f3bbaa87d3681a12c14577a08bc62b0d8-ViAPJV","type":"image/jpeg","width":500,"height":750,"frames":1},"media_type":0,"source":null,"link":null,"raw_text":"苹果","text_meta":{},"via":1,"via_user_id":0,"original":null,"created_at":1466843093,"like_count":11,"comment_count":0,"repin_count":79,"is_private":0,"extra":null,"orig_source":null,"tags":[],"user":{"user_id":18890608,"username":"泽芥","urlname":"h12zaisg2iw","created_at":1465304827,"avatar":{"id":40428071,"farm":"farm1","bucket":"hbimg","key":"e309f4e8e0985358fcf5abd8f469048adca2d33c2bda-UQyAS3","type":"image/gif","width":100,"height":100,"frames":1},"extra":null},"board":{"board_id":30155478,"user_id":18890608,"title":"Fruits--水果","description":"","category_id":"food_drink","seq":14,"pin_count":4652,"follow_count":2586,"like_count":64,"created_at":1465307879,"updated_at":1546169499,"deleting":0,"is_private":0,"extra":{"cover":{"pin_id":"1577143230"}}}},{"pin_id":760458939,"user_id":8843622,"board_id":11773710,"file_id":90695136,"file":{"farm":"farm1","bucket":"hbimg","key":"4e091704134e84867464b5ea9df473bc991bdd8ff39b8-Y8Pbsp","type":"JPEG","height":"1365","frames":"1","width":"2048"},"media_type":0,"source":"drscdn.500px.org","link":"https://drscdn.500px.org/photo/85587197/m%3D2048/22e88e57a26d1d618c5ed08b52b3d60e","raw_text":"苹果","text_meta":{},"via":646251187,"via_user_id":16685805,"original":580024023,"created_at":1466649464,"like_count":7,"comment_count":0,"repin_count":83,"is_private":0,"extra":null,"orig_source":null,"tags":[],"user":{"user_id":8843622,"username":"沙漠将军","urlname":"zuliming","created_at":1374307919,"avatar":{"id":15530935,"farm":"farm1","bucket":"hbimg","key":"553a8d2ff59ef9b5b42770506d54d21aa42b57584f966-vNbvm2","type":"image/jpeg","width":2560,"height":1440,"frames":1},"extra":{}},"board":{"board_id":11773710,"user_id":8843622,"title":"素材","description":"","category_id":"home","seq":2,"pin_count":3225,"follow_count":2912,"like_count":121,"created_at":1374309731,"updated_at":1545384904,"deleting":0,"is_private":0,"extra":{"cover":{"pin_id":"917570318"}}},"via_user":{"user_id":16685805,"username":"萨普莱斯·","urlname":"hazi3","created_at":1419296602,"avatar":{"id":185495162,"farm":"farm1","bucket":"hbimg","key":"dfa32c096c3be912c406425343965e478475049213ef-iajPmP","type":"image/jpeg","width":230,"height":230,"frames":1},"extra":{"is_museuser":true}}},{"pin_id":941694036,"user_id":18890608,"board_id":30155478,"file_id":122544932,"file":{"bucket":"hbimg","key":"328de14d3aba4895db86dc17aabf765202577430140ab-tmX6zM","type":"image/jpeg","height":"600","width":"402","frames":"1"},"media_type":0,"source":null,"link":null,"raw_text":"苹果","text_meta":{},"via":1,"via_user_id":0,"original":null,"created_at":1480662306,"like_count":13,"comment_count":0,"repin_count":73,"is_private":0,"extra":null,"orig_source":null,"tags":[],"user":{"user_id":18890608,"username":"泽芥","urlname":"h12zaisg2iw","created_at":1465304827,"avatar":{"id":40428071,"farm":"farm1","bucket":"hbimg","key":"e309f4e8e0985358fcf5abd8f469048adca2d33c2bda-UQyAS3","type":"image/gif","width":100,"height":100,"frames":1},"extra":null},"board":{"board_id":30155478,"user_id":18890608,"title":"Fruits--水果","description":"","category_id":"food_drink","seq":14,"pin_count":4652,"follow_count":2586,"like_count":64,"created_at":1465307879,"updated_at":1546169499,"deleting":0,"is_private":0,"extra":{"cover":{"pin_id":"1577143230"}}}},{"pin_id":1557370538,"user_id":17719003,"board_id":27720450,"file_id":184073662,"file":{"bucket":"hbimg","key":"5bb2de067a89f009c5643024fd0fcd0dd5de42717c4fc-vNuH4r","type":"image/jpeg","height":1920,"width":1080,"frames":1},"media_type":0,"source":null,"link":null,"raw_text":"苹果","text_meta":{"tags":[]},"via":10,"via_user_id":0,"original":null,"created_at":1521289149,"like_count":3,"comment_count":0,"repin_count":83,"is_private":0,"extra":null,"orig_source":null,"tags":[],"user":{"user_id":17719003,"username":"伊人浅笑醉云州","urlname":"vav2nptnwz","created_at":1440399917,"avatar":{"id":107192192,"farm":"farm1","bucket":"hbimg","key":"7ba0536e5ac40b3116c2251c8c9eada48b7eebc334e51-KTg7Ld","type":"image/jpeg","height":"1024","width":"639","frames":"1"},"extra":null},"board":{"board_id":27720450,"user_id":17719003,"title":"果蔬之美","description":"","category_id":"food_drink","seq":125,"pin_count":1524,"follow_count":1683,"like_count":6,"created_at":1451736208,"updated_at":1535779015,"deleting":0,"is_private":0,"extra":{"cover":{"pin_id":"1557368425"}}}},{"pin_id":997498823,"user_id":18890608,"board_id":30155478,"file_id":127396966,"file":{"bucket":"hbimg","key":"7f36cb37fee0dce2290b256826d60783f5f120b989df-LPlbf7","type":"image/jpeg","height":"810","width":"536","frames":"1"},"media_type":0,"source":null,"link":null,"raw_text":"苹果","text_meta":{},"via":1,"via_user_id":0,"original":null,"created_at":1484715012,"like_count":9,"comment_count":0,"repin_count":77,"is_private":0,"extra":null,"orig_source":null,"tags":[],"user":{"user_id":18890608,"username":"泽芥","urlname":"h12zaisg2iw","created_at":1465304827,"avatar":{"id":40428071,"farm":"farm1","bucket":"hbimg","key":"e309f4e8e0985358fcf5abd8f469048adca2d33c2bda-UQyAS3","type":"image/gif","width":100,"height":100,"frames":1},"extra":null},"board":{"board_id":30155478,"user_id":18890608,"title":"Fruits--水果","description":"","category_id":"food_drink","seq":14,"pin_count":4652,"follow_count":2586,"like_count":64,"created_at":1465307879,"updated_at":1546169499,"deleting":0,"is_private":0,"extra":{"cover":{"pin_id":"1577143230"}}}},{"pin_id":760356374,"user_id":18890608,"board_id":30155478,"file_id":106586817,"file":{"farm":"farm1","bucket":"hbimg","key":"759eb7002703bf4f812e683b4bbef8a3529267c4365fa-Giadd0","type":"image/jpeg","height":"960","width":"640","frames":"1"},"media_type":0,"source":null,"link":null,"raw_text":"苹果","text_meta":{},"via":1,"via_user_id":0,"original":null,"created_at":1466646853,"like_count":5,"comment_count":0,"repin_count":78,"is_private":0,"extra":null,"orig_source":null,"tags":[],"user":{"user_id":18890608,"username":"泽芥","urlname":"h12zaisg2iw","created_at":1465304827,"avatar":{"id":40428071,"farm":"farm1","bucket":"hbimg","key":"e309f4e8e0985358fcf5abd8f469048adca2d33c2bda-UQyAS3","type":"image/gif","width":100,"height":100,"frames":1},"extra":null},"board":{"board_id":30155478,"user_id":18890608,"title":"Fruits--水果","description":"","category_id":"food_drink","seq":14,"pin_count":4652,"follow_count":2586,"like_count":64,"created_at":1465307879,"updated_at":1546169499,"deleting":0,"is_private":0,"extra":{"cover":{"pin_id":"1577143230"}}}},{"pin_id":170393301,"user_id":7278674,"board_id":12614385,"file_id":27698884,"file":{"farm":"farm1","bucket":"hbimg","key":"77bc5ed47e523e96747c1bf15de4874aad00c0bf12298-03C9PR","type":"image/jpeg","width":427,"height":640,"frames":1},"media_type":0,"source":"pinterest.com","link":"http://www.pinterest.com/pin/490822059361351836/","raw_text":"苹果","text_meta":{},"via":2,"via_user_id":0,"original":null,"created_at":1401352126,"like_count":6,"comment_count":0,"repin_count":74,"is_private":0,"extra":null,"orig_source":null,"tags":[],"user":{"user_id":7278674,"username":"行悠","urlname":"w09xirksys","created_at":1366089667,"avatar":{"id":63704815,"farm":"farm1","bucket":"hbimg","key":"0025bf92c095edeec7c06479113110e16b5a7be8191aa-so8ArI","type":"image/jpeg","width":640,"height":640,"frames":1},"extra":null},"board":{"board_id":12614385,"user_id":7278674,"title":"果实之美","description":"","category_id":"photography","seq":1,"pin_count":1422,"follow_count":12348,"like_count":363,"created_at":1375520962,"updated_at":1545108285,"deleting":0,"is_private":0,"extra":null}},{"pin_id":71437352,"user_id":6418095,"board_id":3991230,"file_id":7874486,"file":{"farm":"farm1","bucket":"hbimg","key":"69e01e0ae0a7ce4d5995476a03fcb06e6a34327432ed3-pXzIwm","type":"image/jpeg","width":500,"height":750,"frames":1},"media_type":0,"source":null,"link":"","raw_text":"苹果","text_meta":null,"via":7,"via_user_id":0,"original":null,"created_at":1370756158,"like_count":10,"comment_count":0,"repin_count":69,"is_private":0,"extra":null,"orig_source":null,"tags":[],"user":{"user_id":6418095,"username":"逸_凡","urlname":"xjmq2010","created_at":1359876405,"avatar":{"id":1863114,"farm":"farm1","bucket":"hbimg","key":"fbfba3d24d2cce8667b5d173a7cf27b75484525e40d1b-Lj8dZP","type":"image/jpeg","width":450,"height":675,"frames":1},"extra":null},"board":{"board_id":3991230,"user_id":6418095,"title":"瓜 · 果","description":"","category_id":"food_drink","seq":20,"pin_count":42,"follow_count":382,"like_count":4,"created_at":1368085100,"updated_at":1487618685,"deleting":0,"is_private":0,"extra":null}},{"pin_id":61081533,"user_id":7228651,"board_id":3819938,"file_id":15505968,"file":{"farm":"farm1","bucket":"hbimg","key":"d4ce2280e481159186c8dd7604d6fdba79d7723df159-PYKGGF","type":"image/jpeg","width":450,"height":366,"frames":1},"media_type":0,"source":"qiushibaike.com","link":"http://www.qiushibaike.com/","raw_text":"苹果","text_meta":null,"via":7,"via_user_id":0,"original":null,"created_at":1366953112,"like_count":25,"comment_count":0,"repin_count":54,"is_private":0,"extra":null,"orig_source":null,"tags":[],"user":{"user_id":7228651,"username":"UI设计小菜鸟-惜花主人lufyy","urlname":"x6hihzhajx0","created_at":1365751002,"avatar":{"id":14507510,"farm":"farm1","bucket":"hbimg","key":"44b6a80b7cd1c3c1f0cbe494060e87d7a880f396e0e-e1TqbV","type":"image/jpeg","width":50,"height":50,"frames":1},"extra":null},"board":{"board_id":3819938,"user_id":7228651,"title":"船长的窝","description":"","category_id":"web_app_icon","seq":1,"pin_count":21,"follow_count":8,"like_count":0,"created_at":1365751356,"updated_at":1371178609,"deleting":0,"is_private":0,"extra":null}},{"pin_id":1022355983,"user_id":614886,"board_id":32627432,"file_id":129830601,"file":{"bucket":"hbimg","key":"77628f5cdc06cd3a13804ea9019989263478839abccbd-ay5AEH","type":"image/png","height":"800","width":"800","frames":"1"},"media_type":0,"source":null,"link":null,"raw_text":"苹果","text_meta":{},"via":1,"via_user_id":0,"original":null,"created_at":1487239284,"like_count":7,"comment_count":0,"repin_count":68,"is_private":0,"extra":null,"orig_source":null,"tags":[],"user":{"user_id":614886,"username":"意清辰","urlname":"yiqingchen","created_at":1344413622,"avatar":{"id":4860074,"farm":"farm1","bucket":"hbimg","key":"8653da0a7ac5bdeb8e3f2edf557c55959fde0cb310a7-OopkGU","type":"image/jpeg","width":100,"height":100,"frames":1},"extra":null},"board":{"board_id":32627432,"user_id":614886,"title":"水果","description":"","category_id":null,"seq":12,"pin_count":402,"follow_count":355,"like_count":9,"created_at":1477383086,"updated_at":1547447952,"deleting":0,"is_private":0,"extra":null}},{"pin_id":802403057,"user_id":18890608,"board_id":30155478,"file_id":102478232,"file":{"bucket":"hbimg","key":"f1e8896b8836c0848dd22b9514f30dbc9a3a824815aca-jVQJT7","type":"image/jpeg","height":"600","width":"400","frames":"1"},"media_type":0,"source":null,"link":null,"raw_text":"苹果","text_meta":{},"via":1,"via_user_id":0,"original":null,"created_at":1469934416,"like_count":7,"comment_count":0,"repin_count":69,"is_private":0,"extra":null,"orig_source":null,"tags":[],"user":{"user_id":18890608,"username":"泽芥","urlname":"h12zaisg2iw","created_at":1465304827,"avatar":{"id":40428071,"farm":"farm1","bucket":"hbimg","key":"e309f4e8e0985358fcf5abd8f469048adca2d33c2bda-UQyAS3","type":"image/gif","width":100,"height":100,"frames":1},"extra":null},"board":{"board_id":30155478,"user_id":18890608,"title":"Fruits--水果","description":"","category_id":"food_drink","seq":14,"pin_count":4652,"follow_count":2586,"like_count":64,"created_at":1465307879,"updated_at":1546169499,"deleting":0,"is_private":0,"extra":{"cover":{"pin_id":"1577143230"}}}},{"pin_id":138613556,"user_id":10349332,"board_id":14248936,"file_id":38166858,"file":{"farm":"farm1","bucket":"hbimg","key":"ddd2ba783a34d36551d8fe1422ed7fa6a448405e1f444-wlpm7K","type":"image/jpeg","width":424,"height":600,"frames":1},"media_type":0,"source":"douban.com","link":"http://www.douban.com/photos/photo/2169565616/#image","raw_text":"苹果","text_meta":null,"via":7,"via_user_id":0,"original":null,"created_at":1391858268,"like_count":14,"comment_count":0,"repin_count":57,"is_private":0,"extra":null,"orig_source":null,"tags":[],"user":{"user_id":10349332,"username":"猫小蓟","urlname":"xiaojimao","created_at":1382580041,"avatar":{"id":31268355,"farm":"farm1","bucket":"hbimg","key":"f83bf20a94cfe9027982aad463d1df6304f80b781ef9-FRHCEJ","type":"image/jpeg","width":160,"height":160,"frames":1},"extra":null},"board":{"board_id":14248936,"user_id":10349332,"title":"头顶开花的鹿（莫卡的莫小鹿2014）","description":"","category_id":"illustration","seq":2,"pin_count":7,"follow_count":48,"like_count":2,"created_at":1391858040,"updated_at":1412305266,"deleting":0,"is_private":0,"extra":null}},{"pin_id":750618787,"user_id":18890608,"board_id":30155478,"file_id":105698701,"file":{"farm":"farm1","bucket":"hbimg","key":"783591ea77a360ea8cd40d15a44377eff2ee7c022ae5f-d6IqQ3","type":"image/jpeg","height":"658","width":"658","frames":"1"},"media_type":0,"source":null,"link":null,"raw_text":"苹果","text_meta":{},"via":1,"via_user_id":0,"original":null,"created_at":1465875753,"like_count":9,"comment_count":0,"repin_count":61,"is_private":0,"extra":null,"orig_source":null,"tags":[],"user":{"user_id":18890608,"username":"泽芥","urlname":"h12zaisg2iw","created_at":1465304827,"avatar":{"id":40428071,"farm":"farm1","bucket":"hbimg","key":"e309f4e8e0985358fcf5abd8f469048adca2d33c2bda-UQyAS3","type":"image/gif","width":100,"height":100,"frames":1},"extra":null},"board":{"board_id":30155478,"user_id":18890608,"title":"Fruits--水果","description":"","category_id":"food_drink","seq":14,"pin_count":4652,"follow_count":2586,"like_count":64,"created_at":1465307879,"updated_at":1546169499,"deleting":0,"is_private":0,"extra":{"cover":{"pin_id":"1577143230"}}}},{"pin_id":608960639,"user_id":13278523,"board_id":22985761,"file_id":89134054,"file":{"farm":"farm1","bucket":"hbimg","key":"9fcb6d2b46b87ef356a9b6ff7296a422a96399a06ebb-yfKmGQ","type":"image/jpeg","width":500,"height":500,"frames":1},"media_type":0,"source":null,"link":null,"raw_text":"苹果","text_meta":{},"via":606140314,"via_user_id":14370208,"original":606140314,"created_at":1455440132,"like_count":18,"comment_count":0,"repin_count":49,"is_private":0,"extra":null,"orig_source":null,"tags":[],"user":{"user_id":13278523,"username":"曲观","urlname":"huajimengpiaoruozou","created_at":1399170610,"avatar":{"id":64263941,"farm":"farm1","bucket":"hbimg","key":"fabc5ae80d65d20b732278569dc7e078bb53e228b829-yDAgIw","type":"image/jpeg","width":510,"height":711,"frames":1},"extra":null},"board":{"board_id":22985761,"user_id":13278523,"title":"情侣狗头","description":".","category_id":"illustration","seq":29,"pin_count":921,"follow_count":785,"like_count":19,"created_at":1431764257,"updated_at":1546164321,"deleting":0,"is_private":0,"extra":null},"via_user":{"user_id":14370208,"username":"ismile123","urlname":"mqvnyh3i4x","created_at":1405046974,"avatar":{"id":46540526,"farm":"farm1","bucket":"hbimg","key":"e0c8909a1a5c23eb3fd222ce92bb558b5393fffd12b0-QkG1eG","type":"image/jpeg","width":100,"height":100,"frames":1},"extra":null}},{"pin_id":1025743476,"user_id":15144374,"board_id":29418487,"file_id":130155401,"file":{"bucket":"hbimg","key":"eed64955c2b5e41ef78dd04c6b3b8592cd2bc13910a0fe-Z3F3aR","type":"image/png","height":"960","width":"1440","frames":"1"},"media_type":0,"source":null,"link":null,"raw_text":"苹果","text_meta":{},"via":1,"via_user_id":0,"original":null,"created_at":1487555259,"like_count":8,"comment_count":1,"repin_count":48,"is_private":0,"extra":null,"orig_source":null,"tags":[],"user":{"user_id":15144374,"username":"榴莲臭臭","urlname":"kwdpuxmm4t","created_at":1409404428,"avatar":{"id":143180512,"farm":"farm1","bucket":"hbimg","key":"8ab2125ab1e218dccdeaef6b1ab76866e56a0e498f33-2gjPBJ","type":"image/jpeg","width":"500","height":"749","frames":"1"},"extra":{"is_museuser":true}},"board":{"board_id":29418487,"user_id":15144374,"title":"果蔬","description":"","category_id":"photography","seq":23,"pin_count":830,"follow_count":617,"like_count":6,"created_at":1461545882,"updated_at":1536127556,"deleting":0,"is_private":0,"extra":{"cover":{"pin_id":"880770249"}}}},{"pin_id":112785481,"user_id":1123140,"board_id":4223649,"file_id":27532019,"file":{"farm":"farm1","bucket":"hbimg","key":"9432081e1a645f96d615fb3bdbfa9d533f0cf9cb716a-og7QLr","type":"image/jpeg","width":457,"height":600,"frames":1},"media_type":0,"source":"duitang.com","link":"http://www.duitang.com/people/mblog/70199196/detail/?next=70199205","raw_text":"苹果","text_meta":null,"via":7,"via_user_id":0,"original":null,"created_at":1382020226,"like_count":17,"comment_count":0,"repin_count":48,"is_private":0,"extra":null,"orig_source":null,"tags":[],"user":{"user_id":1123140,"username":"桂儿106","urlname":"ki4uyxcffx","created_at":1352948153,"avatar":{"id":7776630,"farm":"farm1","bucket":"hbimg","key":"6605d91d7c75bda67909a495a6c071a3448b9d9c15f-wJ5pwz","type":"image/jpeg","width":100,"height":75,"frames":1},"extra":null},"board":{"board_id":4223649,"user_id":1123140,"title":"水彩","description":"","category_id":"illustration","seq":14,"pin_count":146,"follow_count":10,"like_count":0,"created_at":1369060701,"updated_at":1382330954,"deleting":0,"is_private":0,"extra":null}}],"page":2,"ads":{"normalAds":[],"fixedAds":[{"id":801,"name":"live_135","link":"http://live.huaban.com/live/135?utm_source=huaban&utm_medium=homefeed&utm_campaign=ads-135","image":{"bucket":"hbimg-other","key":"f0f2ea8a50fb5f1d833f23d1719fe3162f384cec108fe","width":472,"height":840},"type":0,"placement":"PC:fixed:home,PC:fixed:search,PC:fixed:all","category":"CATEGORY_all","status":1,"startAt":1546963200,"endAt":1547654400,"position":0},{"id":802,"name":"meisu_prj新年和元宵节专辑","link":"http://meisu.huaban.com/activity.php?id=43&act=sale_list&hmsr=xnhbssjg&hmpl=&hmcu=&hmkw=&hmci=","image":{"bucket":"hbimg-other","key":"7ebde6603f5373f9415f86782292293583bc2efe28ed2","width":474,"height":840},"type":0,"placement":"PC:fixed:search","category":"CATEGORY_all","status":1,"startAt":1546963200,"endAt":1547568000,"position":0}]},"search_ads":[],"target":"/search/?q=%E8%8B%B9%E6%9E%9C"}