{"query":{"text":"苹果","type":"pin","sort":"all","page":3},"pins":[{"pin_id":533308054,"user_id":8302240,"board_id":18175895,"file_id":86804574,"file":{"farm":"farm1","bucket":"hbimg","key":"1e3f5dd4a6c2850c303c20ff6d9bcb87da32c84224f26-XnbcB8","type":"image/jpeg","width":1024,"height":727,"frames":1},"media_type":0,"source":"nipic.com","link":"http://www.nipic.com/show/6707374.html?v=2","raw_text":"苹果","text_meta":{},"via":7,"via_user_id":0,"original":null,"created_at":1448296103,"like_count":10,"comment_count":0,"repin_count":54,"is_private":0,"extra":null,"orig_source":null,"tags":[],"user":{"user_id":8302240,"username":"MTOTM","urlname":"kuangyp123","created_at":1371797026,"avatar":{"id":67565102,"farm":"farm1","bucket":"hbimg","key":"02633f1c00d63165ec94a5cdbd91cb2856a9117262882-01t8MH","type":"image/jpeg","width":764,"height":764,"frames":1},"extra":null},"board":{"board_id":18175895,"user_id":8302240,"title":"01素材-杂烩大图","description":"高清美图 大图","category_id":"design","seq":5,"pin_count":1194,"follow_count":561,"like_count":21,"created_at":1413876206,"updated_at":1545971317,"deleting":0,"is_private":0,"extra":{"cover":{"pin_id":"368713139"}}}},{"pin_id":1321137955,"user_id":18890608,"board_id":30155478,"file_id":160640682,"file":{"bucket":"hbimg","key":"b7faa69a4fda8c3850181b1cfec4d7d31cfcca6572f7-gNYpIF","type":"image/jpeg","height":"600","width":"400","frames":"1"},"media_type":0,"source":null,"link":null,"raw_text":"苹果","text_meta":{"tags":[]},"via":1,"via_user_id":0,"original":null,"created_at":1505702302,"like_count":6,"comment_count":0,"repin_count":52,"is_private":0,"extra":null,"orig_source":null,"tags":[],"user":{"user_id":18890608,"username":"泽芥","urlname":"h12zaisg2iw","created_at":1465304827,"avatar":{"id":40428071,"farm":"farm1","bucket":"hbimg","key":"e309f4e8e0985358fcf5abd8f469048adca2d33c2bda-UQyAS3","type":"image/gif","width":100,"height":100,"frames":1},"extra":null},"board":{"board_id":30155478,"user_id":18890608,"title":"Fruits--水果","description":"","category_id":"food_drink","seq":14,"pin_count":4652,"follow_count":2586,"like_count":64,"created_at":1465307879,"updated_at":1546169499,"deleting":0,"is_private":0,"extra":{"cover":{"pin_id":"1577143230"}}}},{"pin_id":111182677,"user_id":970352,"board_id":7805070,"file_id":29557826,"file":{"farm":"farm1","bucket":"hbimg","key":"c1ac5e0763b750326900a5c09275cad944e3dc562865f-rgOIXw","type":"image/jpeg","width":1024,"height":799,"frames":1},"media_type":0,"source":"image.baidu.com","link":"http://image.baidu.com/i?ct=503316480&z=3&tn=baiduimagedetail&ipn=d&word=%E8%8B%B9%E6%9E%9C&step_word=&ie=utf-8&in=27666&cl=2&lm=-1&st=-1&pn=154&rn=1&di=32877208600&ln=1998&fr=&&fmq=1381373132998_R&ic=0&s=&se=1&sme=0&tab=&width=0&height=0&face=0&is=&istyp","raw_text":"苹果","text_meta":null,"via":7,"via_user_id":0,"original":null,"created_at":1381373243,"like_count":10,"comment_count":0,"repin_count":46,"is_private":0,"extra":null,"orig_source":null,"tags":[],"user":{"user_id":970352,"username":"橙子汐汐","urlname":"ronger2008","created_at":1350107018,"avatar":{"id":96493457,"farm":"farm1","bucket":"hbimg","key":"45271e2957cbf3c07cd786dcaefdaa94ba360d6227a3b-o5dafF","type":"image/jpeg","height":"1200","frames":"1","width":"1920"},"extra":null},"board":{"board_id":7805070,"user_id":970352,"title":"高清图片素材","description":"","category_id":"design","seq":43,"pin_count":150,"follow_count":589,"like_count":2,"created_at":1371785991,"updated_at":1402040433,"deleting":0,"is_private":0,"extra":null}},{"pin_id":758139279,"user_id":18890608,"board_id":30155478,"file_id":106398646,"file":{"farm":"farm1","bucket":"hbimg","key":"e62467283bd544933ac70befe57740fe204a4b859391-8MmpfL","type":"image/jpeg","height":"705","frames":"1","width":"500"},"media_type":0,"source":null,"link":null,"raw_text":"苹果","text_meta":{},"via":1,"via_user_id":0,"original":null,"created_at":1466486120,"like_count":5,"comment_count":0,"repin_count":49,"is_private":0,"extra":null,"orig_source":null,"tags":[],"user":{"user_id":18890608,"username":"泽芥","urlname":"h12zaisg2iw","created_at":1465304827,"avatar":{"id":40428071,"farm":"farm1","bucket":"hbimg","key":"e309f4e8e0985358fcf5abd8f469048adca2d33c2bda-UQyAS3","type":"image/gif","width":100,"height":100,"frames":1},"extra":null},"board":{"board_id":30155478,"user_id":18890608,"title":"Fruits--水果","description":"","category_id":"food_drink","seq":14,"pin_count":4652,"follow_count":2586,"like_count":64,"created_at":1465307879,"updated_at":1546169499,"deleting":0,"is_private":0,"extra":{"cover":{"pin_id":"1577143230"}}}},{"pin_id":1086798398,"user_id":18890608,"board_id":30155478,"file_id":135524271,"file":{"bucket":"hbimg","key":"9661df9f440551a46f4cf0a3df54849c0f589b429a12-NRcUPA","type":"image/jpeg","height":"600","width":"480","frames":"1"},"media_type":0,"source":null,"link":null,"raw_text":"苹果","text_meta":{},"via":1,"via_user_id":0,"original":null,"created_at":1491276296,"like_count":1,"comment_count":0,"repin_count":52,"is_private":0,"extra":null,"orig_source":null,"tags":[],"user":{"user_id":18890608,"username":"泽芥","urlname":"h12zaisg2iw","created_at":1465304827,"avatar":{"id":40428071,"farm":"farm1","bucket":"hbimg","key":"e309f4e8e0985358fcf5abd8f469048adca2d33c2bda-UQyAS3","type":"image/gif","width":100,"height":100,"frames":1},"extra":null},"board":{"board_id":30155478,"user_id":18890608,"title":"Fruits--水果","description":"","category_id":"food_drink","seq":14,"pin_count":4652,"follow_count":2586,"like_count":64,"created_at":1465307879,"updated_at":1546169499,"deleting":0,"is_private":0,"extra":{"cover":{"pin_id":"1577143230"}}}},{"pin_id":37899466,"user_id":78532,"board_id":312309,"file_id":9100403,"file":{"farm":"farm1","bucket":"hbimg","key":"789120c4bdd1958015c403018ff7ee0a21505a221e7e18-FJw8ZI","type":"image/gif","width":243,"height":137,"frames":380},"media_type":0,"source":"weibo.com","link":"http://weibo.com/fav?leftnav=1&amp;wvr=3.6","raw_text":"苹果","text_meta":{},"via":2,"via_user_id":0,"original":null,"created_at":1355990280,"like_count":7,"comment_count":0,"repin_count":46,"is_private":0,"extra":null,"orig_source":null,"tags":[],"user":{"user_id":78532,"username":"eryu","urlname":"y78532","created_at":1329177423,"avatar":{"id":606205,"farm":"farm1","bucket":"hbimg","key":"336da79f8d3ef61430a45f45732bbe15145ba5cb5e8f-lWGR25","type":"image/jpeg","width":180,"height":180,"frames":1},"extra":null},"board":{"board_id":312309,"user_id":78532,"title":"动物 猫 动态","description":"","category_id":"pets","seq":20,"pin_count":211,"follow_count":1159,"like_count":5,"created_at":1330486267,"updated_at":1415938674,"deleting":0,"is_private":0,"extra":null}},{"pin_id":839304735,"user_id":18890608,"board_id":30155478,"file_id":113295999,"file":{"bucket":"hbimg","key":"e982f96546db6953ee9e957982e7a2db9056d6a3f0a2-Kgs1Wh","type":"image/jpeg","height":"600","width":"400","frames":"1"},"media_type":0,"source":null,"link":null,"raw_text":"苹果","text_meta":{},"via":1,"via_user_id":0,"original":null,"created_at":1472639323,"like_count":1,"comment_count":0,"repin_count":52,"is_private":0,"extra":null,"orig_source":null,"tags":[],"user":{"user_id":18890608,"username":"泽芥","urlname":"h12zaisg2iw","created_at":1465304827,"avatar":{"id":40428071,"farm":"farm1","bucket":"hbimg","key":"e309f4e8e0985358fcf5abd8f469048adca2d33c2bda-UQyAS3","type":"image/gif","width":100,"height":100,"frames":1},"extra":null},"board":{"board_id":30155478,"user_id":18890608,"title":"Fruits--水果","description":"","category_id":"food_drink","seq":14,"pin_count":4652,"follow_count":2586,"like_count":64,"created_at":1465307879,"updated_at":1546169499,"deleting":0,"is_private":0,"extra":{"cover":{"pin_id":"1577143230"}}}},{"pin_id":1119076073,"user_id":18890608,"board_id":30155478,"file_id":138441532,"file":{"bucket":"hbimg","key":"1a326601f79bb28d4eedc9179e0641eba32e543d1937c-uWkb1I","type":"image/jpeg","height":"991","width":"658","frames":"1"},"media_type":0,"source":null,"link":null,"raw_text":"苹果","text_meta":{"tags":[]},"via":1,"via_user_id":0,"original":null,"created_at":1493168079,"like_count":4,"comment_count":0,"repin_count":46,"is_private":0,"extra":null,"orig_source":null,"tags":[],"user":{"user_id":18890608,"username":"泽芥","urlname":"h12zaisg2iw","created_at":1465304827,"avatar":{"id":40428071,"farm":"farm1","bucket":"hbimg","key":"e309f4e8e0985358fcf5abd8f469048adca2d33c2bda-UQyAS3","type":"image/gif","width":100,"height":100,"frames":1},"extra":null},"board":{"board_id":30155478,"user_id":18890608,"title":"Fruits--水果","description":"","category_id":"food_drink","seq":14,"pin_count":4652,"follow_count":2586,"like_count":64,"created_at":1465307879,"updated_at":1546169499,"deleting":0,"is_private":0,"extra":{"cover":{"pin_id":"1577143230"}}}},{"pin_id":1321141640,"user_id":18890608,"board_id":30155478,"file_id":160641002,"file":{"bucket":"hbimg","key":"e57a8ada20b3cda0cb64bfea2683f19ee85a29b0f9a2-t1ydJK","type":"image/jpeg","height":"600","width":"398","frames":"1"},"media_type":0,"source":null,"link":null,"raw_text":"苹果","text_meta":{"tags":[]},"via":1,"via_user_id":0,"original":null,"created_at":1505702370,"like_count":2,"comment_count":0,"repin_count":46,"is_private":0,"extra":null,"orig_source":null,"tags":[],"user":{"user_id":18890608,"username":"泽芥","urlname":"h12zaisg2iw","created_at":1465304827,"avatar":{"id":40428071,"farm":"farm1","bucket":"hbimg","key":"e309f4e8e0985358fcf5abd8f469048adca2d33c2bda-UQyAS3","type":"image/gif","width":100,"height":100,"frames":1},"extra":null},"board":{"board_id":30155478,"user_id":18890608,"title":"Fruits--水果","description":"","category_id":"food_drink","seq":14,"pin_count":4652,"follow_count":2586,"like_count":64,"created_at":1465307879,"updated_at":1546169499,"deleting":0,"is_private":0,"extra":{"cover":{"pin_id":"1577143230"}}}},{"pin_id":1119079224,"user_id":18890608,"board_id":30155478,"file_id":138441737,"file":{"bucket":"hbimg","key":"85a8f2be4dde24e08e6b9c72f724006f955703ecb54e-zqKuXr","type":"image/jpeg","height":"600","width":"400","frames":"1"},"media_type":0,"source":null,"link":null,"raw_text":"苹果","text_meta":{"tags":[]},"via":1,"via_user_id":0,"original":null,"created_at":1493168213,"like_count":8,"comment_count":0,"repin_count":40,"is_private":0,"extra":null,"orig_source":null,"tags":[],"user":{"user_id":18890608,"username":"泽芥","urlname":"h12zaisg2iw","created_at":1465304827,"avatar":{"id":40428071,"farm":"farm1","bucket":"hbimg","key":"e309f4e8e0985358fcf5abd8f469048adca2d33c2bda-UQyAS3","type":"image/gif","width":100,"height":100,"frames":1},"extra":null},"board":{"board_id":30155478,"user_id":18890608,"title":"Fruits--水果","description":"","category_id":"food_drink","seq":14,"pin_count":4652,"follow_count":2586,"like_count":64,"created_at":1465307879,"updated_at":1546169499,"deleting":0,"is_private":0,"extra":{"cover":{"pin_id":"1577143230"}}}},{"pin_id":1319364990,"user_id":18890608,"board_id":30155478,"file_id":160426262,"file":{"bucket":"hbimg","key":"8de788fd6b7f7c460f2a4bb8e822ac7a5f23cf4818ead-h1mTDo","type":"image/jpeg","height":"600","width":"400","frames":"1"},"media_type":0,"source":null,"link":null,"raw_text":"苹果","text_meta":{"tags":[]},"via":1,"via_user_id":0,"original":null,"created_at":1505523965,"like_count":3,"comment_count":0,"repin_count":43,"is_private":0,"extra":null,"orig_source":null,"tags":[],"user":{"user_id":18890608,"username":"泽芥","urlname":"h12zaisg2iw","created_at":1465304827,"avatar":{"id":40428071,"farm":"farm1","bucket":"hbimg","key":"e309f4e8e0985358fcf5abd8f469048adca2d33c2bda-UQyAS3","type":"image/gif","width":100,"height":100,"frames":1},"extra":null},"board":{"board_id":30155478,"user_id":18890608,"title":"Fruits--水果","description":"","category_id":"food_drink","seq":14,"pin_count":4652,"follow_count":2586,"like_count":64,"created_at":1465307879,"updated_at":1546169499,"deleting":0,"is_private":0,"extra":{"cover":{"pin_id":"1577143230"}}}},{"pin_id":36284903,"user_id":902940,"board_id":3201323,"file_id":8676990,"file":{"farm":"farm1","bucket":"hbimg","key":"85203ffb94fce0dc14a45d29a05ff6532bf57957416d-09pvr9","type":"image/jpeg","width":421,"height":283,"frames":1},"media_type":0,"source":"tianmi520.com","link":"http://www.tianmi520.com/s/7179?win=misuo","raw_text":"苹果","text_meta":{},"via":2,"via_user_id":0,"original":null,"created_at":1355051399,"like_count":6,"comment_count":0,"repin_count":40,"is_private":0,"extra":null,"orig_source":null,"tags":[],"user":{"user_id":902940,"username":"小米索","urlname":"twilight811","created_at":1348649721,"avatar":{"id":6335895,"farm":"farm1","bucket":"hbimg","key":"9b81a05b6173e51a79fa60bacfb5cdacf9c81dbf1193-kETb9l","type":"image/jpeg","width":100,"height":100,"frames":1},"extra":null},"board":{"board_id":3201323,"user_id":902940,"title":"吃货无敌","description":"","category_id":"food_drink","seq":5,"pin_count":24,"follow_count":8,"like_count":0,"created_at":1354627588,"updated_at":1355051399,"deleting":0,"is_private":0,"extra":null}},{"pin_id":889072861,"user_id":18890608,"board_id":30155478,"file_id":117781338,"file":{"bucket":"hbimg","key":"f218d1358edf99e010fd4f4e18c9b77b50420bf31b011-chvyDK","type":"image/jpeg","height":"600","width":"471","frames":"1"},"media_type":0,"source":null,"link":null,"raw_text":"苹果","text_meta":{},"via":1,"via_user_id":0,"original":null,"created_at":1476766201,"like_count":4,"comment_count":0,"repin_count":42,"is_private":0,"extra":null,"orig_source":null,"tags":[],"user":{"user_id":18890608,"username":"泽芥","urlname":"h12zaisg2iw","created_at":1465304827,"avatar":{"id":40428071,"farm":"farm1","bucket":"hbimg","key":"e309f4e8e0985358fcf5abd8f469048adca2d33c2bda-UQyAS3","type":"image/gif","width":100,"height":100,"frames":1},"extra":null},"board":{"board_id":30155478,"user_id":18890608,"title":"Fruits--水果","description":"","category_id":"food_drink","seq":14,"pin_count":4652,"follow_count":2586,"like_count":64,"created_at":1465307879,"updated_at":1546169499,"deleting":0,"is_private":0,"extra":{"cover":{"pin_id":"1577143230"}}}},{"pin_id":65798571,"user_id":667530,"board_id":3821868,"file_id":16873120,"file":{"farm":"farm1","bucket":"hbimg","key":"98dda762fae33a72593bb50c8a2f26174646aaf58809-uy0xVy","type":"image/jpeg","width":600,"height":450,"frames":1},"media_type":0,"source":"quanjing.com","link":"http://www.quanjing.com/imginfo/mf821-05789080.html","raw_text":"苹果","text_meta":null,"via":2,"via_user_id":0,"original":null,"created_at":1368771123,"like_count":5,"comment_count":0,"repin_count":39,"is_private":0,"extra":null,"orig_source":null,"tags":[],"user":{"user_id":667530,"username":"鸡皇陛下","urlname":"ooxxpig","created_at":1345694215,"avatar":{"id":5257267,"farm":"farm1","bucket":"hbimg","key":"86c0cb2e89fc912c0af1b9d57947b3b7ad5555f218a6-DwCSZY","type":"image/jpeg","width":160,"height":126,"frames":1},"extra":null},"board":{"board_id":3821868,"user_id":667530,"title":"活动图片素材","description":"","category_id":"web_app_icon","seq":2,"pin_count":583,"follow_count":180,"like_count":4,"created_at":1365772704,"updated_at":1497882356,"deleting":0,"is_private":0,"extra":null}},{"pin_id":864316230,"user_id":18890608,"board_id":30155478,"file_id":115514473,"file":{"bucket":"hbimg","key":"2e998e34a5a1b2870c0c13ce3a6b3b41ad2a272f7ef0-np9oZs","type":"image/jpeg","height":"600","width":"400","frames":"1"},"media_type":0,"source":null,"link":null,"raw_text":"苹果","text_meta":{},"via":1,"via_user_id":0,"original":null,"created_at":1474617196,"like_count":5,"comment_count":0,"repin_count":38,"is_private":0,"extra":null,"orig_source":null,"tags":[],"user":{"user_id":18890608,"username":"泽芥","urlname":"h12zaisg2iw","created_at":1465304827,"avatar":{"id":40428071,"farm":"farm1","bucket":"hbimg","key":"e309f4e8e0985358fcf5abd8f469048adca2d33c2bda-UQyAS3","type":"image/gif","width":100,"height":100,"frames":1},"extra":null},"board":{"board_id":30155478,"user_id":18890608,"title":"Fruits--水果","description":"","category_id":"food_drink","seq":14,"pin_count":4652,"follow_count":2586,"like_count":64,"created_at":1465307879,"updated_at":1546169499,"deleting":0,"is_private":0,"extra":{"cover":{"pin_id":"1577143230"}}}},{"pin_id":1130193349,"user_id":959367,"board_id":35641302,"file_id":139480753,"file":{"bucket":"hbimg","key":"bac7d712a4869cd8a0dbf34e0f45e0f5cfc40676de8-b3lSte","type":"image/png","height":"200","width":"200","frames":"1"},"media_type":0,"source":null,"link":null,"raw_text":"苹果","text_meta":{"tags":[]},"via":1,"via_user_id":0,"original":null,"created_at":1493870271,"like_count":0,"comment_count":0,"repin_count":41,"is_private":0,"extra":null,"orig_source":null,"tags":[],"user":{"user_id":959367,"username":"-ジＢaByギ","urlname":"love825102589","created_at":1349921753,"avatar":{"id":6683241,"farm":"farm1","bucket":"hbimg","key":"c236bee04b38a73646cf29a7191ac3ccb485e9c818a8-d4uvna","type":"image/jpeg","width":100,"height":100,"frames":1},"extra":{"is_museuser":true}},"board":{"board_id":35641302,"user_id":959367,"title":"标","description":"","category_id":"web_app_icon","seq":33,"pin_count":113,"follow_count":326,"like_count":9,"created_at":1491445777,"updated_at":1545204058,"deleting":0,"is_private":0,"extra":null}},{"pin_id":521286460,"user_id":18037572,"board_id":26403409,"file_id":85874595,"file":{"farm":"farm1","bucket":"hbimg","key":"cb82b9afd506a5638405cade84189fa03f4c8db2fa6d-5zqRba","type":"image/jpeg","width":1024,"height":1024,"frames":1},"media_type":0,"source":null,"link":null,"raw_text":"苹果","text_meta":{},"via":1,"via_user_id":0,"original":null,"created_at":1447318270,"like_count":7,"comment_count":0,"repin_count":33,"is_private":0,"extra":null,"orig_source":null,"tags":[],"user":{"user_id":18037572,"username":"不一乔几","urlname":"buyiqiaoji","created_at":1446231447,"avatar":{"id":84905707,"farm":"farm1","bucket":"hbimg","key":"497673709d73c5ea73db24cf3140a0ec17008628131b7-VQGfYk","type":"image/jpeg","width":1024,"height":1024,"frames":1},"extra":null},"board":{"board_id":26403409,"user_id":18037572,"title":"插图——不一","description":"","category_id":"illustration","seq":2,"pin_count":20,"follow_count":126,"like_count":3,"created_at":1447317757,"updated_at":1447320325,"deleting":0,"is_private":0,"extra":null}},{"pin_id":997499668,"user_id":18890608,"board_id":30155478,"file_id":127397068,"file":{"bucket":"hbimg","key":"95309a23e7aeea1248058ae5ca59f1719829b9cf1135c-Lfbx7k","type":"image/jpeg","height":"600","width":"480","frames":"1"},"media_type":0,"source":null,"link":null,"raw_text":"苹果","text_meta":{},"via":1,"via_user_id":0,"original":null,"created_at":1484715084,"like_count":8,"comment_count":0,"repin_count":32,"is_private":0,"extra":null,"orig_source":null,"tags":[],"user":{"user_id":18890608,"username":"泽芥","urlname":"h12zaisg2iw","created_at":1465304827,"avatar":{"id":40428071,"farm":"farm1","bucket":"hbimg","key":"e309f4e8e0985358fcf5abd8f469048adca2d33c2bda-UQyAS3","type":"image/gif","width":100,"height":100,"frames":1},"extra":null},"board":{"board_id":30155478,"user_id":18890608,"title":"Fruits--水果","description":"","category_id":"food_drink","seq":14,"pin_count":4652,"follow_count":2586,"like_count":64,"created_at":1465307879,"updated_at":1546169499,"deleting":0,"is_private":0,"extra":{"cover":{"pin_id":"1577143230"}}}},{"pin_id":839305011,"user_id":18890608,"board_id":30155478,"file_id":113296028,"file":{"bucket":"hbimg","key":"d9d1b168f89c49686b1ffdf401fb6420b163750319541-HwN3Y4","type":"image/jpeg","height":"600","width":"600","frames":"1"},"media_type":0,"source":null,"link":null,"raw_text":"苹果","text_meta":{},"via":1,"via_user_id":0,"original":null,"created_at":1472639340,"like_count":2,"comment_count":0,"repin_count":37,"is_private":0,"extra":null,"orig_source":null,"tags":[],"user":{"user_id":18890608,"username":"泽芥","urlname":"h12zaisg2iw","created_at":1465304827,"avatar":{"id":40428071,"farm":"farm1","bucket":"hbimg","key":"e309f4e8e0985358fcf5abd8f469048adca2d33c2bda-UQyAS3","type":"image/gif","width":100,"height":100,"frames":1},"extra":null},"board":{"board_id":30155478,"user_id":18890608,"title":"Fruits--水果","description":"","category_id":"food_drink","seq":14,"pin_count":4652,"follow_count":2586,"like_count":64,"created_at":1465307879,"updated_at":1546169499,"deleting":0,"is_private":0,"extra":{"cover":{"pin_id":"1577143230"}}}},{"pin_id":1203686424,"user_id":18890608,"board_id":30155478,"file_id":148389616,"file":{"bucket":"hbimg","key":"556212fed9323c568ed2a6a1b13d631d6c5e6cee3e7a8-t6VPvZ","type":"image/jpeg","height":"948","width":"658","frames":"1"},"media_type":0,"source":null,"link":null,"raw_text":"苹果","text_meta":{"tags":[]},"via":1,"via_user_id":0,"original":null,"created_at":1498439437,"like_count":8,"comment_count":0,"repin_count":31,"is_private":0,"extra":null,"orig_source":null,"tags":[],"user":{"user_id":18890608,"username":"泽芥","urlname":"h12zaisg2iw","created_at":1465304827,"avatar":{"id":40428071,"farm":"farm1","bucket":"hbimg","key":"e309f4e8e0985358fcf5abd8f469048adca2d33c2bda-UQyAS3","type":"image/gif","width":100,"height":100,"frames":1},"extra":null},"board":{"board_id":30155478,"user_id":18890608,"title":"Fruits--水果","description":"","category_id":"food_drink","seq":14,"pin_count":4652,"follow_count":2586,"like_count":64,"created_at":1465307879,"updated_at":1546169499,"deleting":0,"is_private":0,"extra":{"cover":{"pin_id":"1577143230"}}}}],"page":3,"ads":{"fixedAds":[{"id":801,"name":"live_135","link":"http://live.huaban.com/live/135?utm_source=huaban&utm_medium=homefeed&utm_campaign=ads-135","image":{"bucket":"hbimg-other","key":"f0f2ea8a50fb5f1d833f23d1719fe3162f384cec108fe","width":472,"height":840},"type":0,"placement":"PC:fixed:home,PC:fixed:search,PC:fixed:all","category":"CATEGORY_all","status":1,"startAt":1546963200,"endAt":1547654400,"position":0},{"id":802,"name":"meisu_prj新年和元宵节专辑","link":"http://meisu.huaban.com/activity.php?id=43&act=sale_list&hmsr=xnhbssjg&hmpl=&hmcu=&hmkw=&hmci=","image":{"bucket":"hbimg-other","key":"7ebde6603f5373f9415f86782292293583bc2efe28ed2","width":474,"height":840},"type":0,"placement":"PC:fixed:search","category":"CATEGORY_all","status":1,"startAt":1546963200,"endAt":1547568000,"position":0}],"normalAds":[]},"search_ads":[],"target":"/search/?q=%E8%8B%B9%E6%9E%9C"}