{"query":{"text":"苹果","type":"pin","sort":"all","page":4},"pins":[{"pin_id":60521859,"user_id":114936,"board_id":41566079,"file_id":15344261,"file":{"farm":"farm1","bucket":"hbimg","key":"65e3fbebf1673f9e9a730dd72b3da0aa00c73098163cd7-pM8nUd","type":"image/jpeg","width":2048,"height":2730,"frames":1},"media_type":0,"source":"photo.weibo.com","link":"http://photo.weibo.com/2604720150/wbphotos/large/photo_id/3549597081552566","raw_text":"苹果","text_meta":null,"via":2,"via_user_id":0,"original":null,"created_at":1366769007,"like_count":10,"comment_count":0,"repin_count":29,"is_private":0,"extra":null,"orig_source":null,"tags":[],"user":{"user_id":114936,"username":"哈咪妖","urlname":"y114936","created_at":1330930599,"avatar":{"id":899823,"farm":"farm1","bucket":"hbimg","key":"08302819e74865d00588f9fa545281f46bc9f2ae5e8f-kYu0lk","type":"image/jpeg","width":180,"height":180,"frames":1},"extra":null},"board":{"board_id":41566079,"user_id":114936,"title":"花的姿态~手绘类","description":"","category_id":"illustration","seq":46,"pin_count":1049,"follow_count":1210,"like_count":10,"created_at":1514942276,"updated_at":1545014721,"deleting":0,"is_private":0,"extra":null}},{"pin_id":1073113200,"user_id":17511465,"board_id":32509903,"file_id":134328753,"file":{"bucket":"hbimg","key":"3bb2f1676f4ddf50e9eada7e82a53fd6ec635bf06a913-Z6FQ1H","type":"image/jpeg","height":"1024","width":"999","frames":"1"},"media_type":0,"source":"nipic.com","link":"http://www.nipic.com/show/15801984.html","raw_text":"苹果","text_meta":{},"via":2,"via_user_id":0,"original":null,"created_at":1490424587,"like_count":6,"comment_count":0,"repin_count":33,"is_private":0,"extra":null,"orig_source":null,"tags":[],"user":{"user_id":17511465,"username":"大圣中的战斗菊","urlname":"s0vkqwv720","created_at":1435805207,"avatar":{"id":100705826,"farm":"farm1","bucket":"hbimg","key":"e9e6975c3db6ac65f0d4438c66a380df56ce47ae349a7-RLEGBP","type":"image/jpeg","height":"580","frames":"1","width":"580"},"extra":{"is_museuser":true}},"board":{"board_id":32509903,"user_id":17511465,"title":"各种花哨","description":"","category_id":"design","seq":24,"pin_count":377,"follow_count":631,"like_count":6,"created_at":1476849373,"updated_at":1535161026,"deleting":0,"is_private":0,"extra":{"cover":{"pin_id":"1835759988"}}}},{"pin_id":111182702,"user_id":970352,"board_id":7805070,"file_id":30478236,"file":{"farm":"farm1","bucket":"hbimg","key":"156990532a9b0884ecd39a3c6345b7e2c945e1ec1fd31-quV5UO","type":"image/jpeg","width":1024,"height":706,"frames":1},"media_type":0,"source":"image.baidu.com","link":"http://image.baidu.com/i?ct=503316480&z=3&tn=baiduimagedetail&ipn=d&word=%E8%8B%B9%E6%9E%9C&step_word=&ie=utf-8&in=12835&cl=2&lm=-1&st=-1&pn=24&rn=1&di=238920734150&ln=1998&fr=&&fmq=1381373132998_R&ic=0&s=&se=1&sme=0&tab=&width=0&height=0&face=0&is=&istyp","raw_text":"苹果","text_meta":null,"via":7,"via_user_id":0,"original":null,"created_at":1381373247,"like_count":5,"comment_count":0,"repin_count":34,"is_private":0,"extra":null,"orig_source":null,"tags":[],"user":{"user_id":970352,"username":"橙子汐汐","urlname":"ronger2008","created_at":1350107018,"avatar":{"id":96493457,"farm":"farm1","bucket":"hbimg","key":"45271e2957cbf3c07cd786dcaefdaa94ba360d6227a3b-o5dafF","type":"image/jpeg","height":"1200","frames":"1","width":"1920"},"extra":null},"board":{"board_id":7805070,"user_id":970352,"title":"高清图片素材","description":"","category_id":"design","seq":43,"pin_count":150,"follow_count":589,"like_count":2,"created_at":1371785991,"updated_at":1402040433,"deleting":0,"is_private":0,"extra":null}},{"pin_id":1129756699,"user_id":18890608,"board_id":30155478,"file_id":139449219,"file":{"bucket":"hbimg","key":"ba7f978e35783b8486b65b53e4586c8e1e3aa9ca117d4-hPb9xE","type":"image/jpeg","height":"600","width":"480","frames":"1"},"media_type":0,"source":null,"link":null,"raw_text":"苹果","text_meta":{"tags":[]},"via":1,"via_user_id":0,"original":null,"created_at":1493861394,"like_count":1,"comment_count":0,"repin_count":35,"is_private":0,"extra":null,"orig_source":null,"tags":[],"user":{"user_id":18890608,"username":"泽芥","urlname":"h12zaisg2iw","created_at":1465304827,"avatar":{"id":40428071,"farm":"farm1","bucket":"hbimg","key":"e309f4e8e0985358fcf5abd8f469048adca2d33c2bda-UQyAS3","type":"image/gif","width":100,"height":100,"frames":1},"extra":null},"board":{"board_id":30155478,"user_id":18890608,"title":"Fruits--水果","description":"","category_id":"food_drink","seq":14,"pin_count":4652,"follow_count":2586,"like_count":64,"created_at":1465307879,"updated_at":1546169499,"deleting":0,"is_private":0,"extra":{"cover":{"pin_id":"1577143230"}}}},{"pin_id":829958005,"user_id":6807433,"board_id":31370397,"file_id":112495385,"file":{"bucket":"hbimg","key":"4091aa08d5d92297ca75c9f8288576319bdf74bd58d1f-vWDcDv","type":"image/jpeg","height":"1181","width":"1181","frames":"1"},"media_type":0,"source":null,"link":null,"raw_text":"苹果","text_meta":{},"via":1,"via_user_id":0,"original":null,"created_at":1471949043,"like_count":8,"comment_count":0,"repin_count":28,"is_private":0,"extra":null,"orig_source":null,"tags":[],"user":{"user_id":6807433,"username":"子白","urlname":"ug6rvkt446","created_at":1363167992,"avatar":{"id":11359361,"farm":"farm1","bucket":"hbimg","key":"b4c9bcaeca2403307cae621b324978baf719dfb71ebb-kLZfHA","type":"image/jpeg","width":200,"height":200,"frames":1},"extra":null},"board":{"board_id":31370397,"user_id":6807433,"title":"天生类灵长","description":"和蔬菜水果谈一场纯纯的恋爱----新鲜水嫩的蔬菜水果将陪伴你度过孤独单调的每一天！","category_id":"illustration","seq":203,"pin_count":94,"follow_count":1590,"like_count":31,"created_at":1471658914,"updated_at":1486265621,"deleting":0,"is_private":0,"extra":null}},{"pin_id":127939655,"user_id":9602989,"board_id":13579134,"file_id":35459685,"file":{"farm":"farm1","bucket":"hbimg","key":"2b76888bb02b035f6075a7a6f23d5d8b11d357261920d-BBdy4f","type":"image/jpeg","width":900,"height":600,"frames":1},"media_type":0,"source":"dp.pconline.com.cn","link":"http://dp.pconline.com.cn/photo/3188406_1.html","raw_text":"苹果","text_meta":null,"via":7,"via_user_id":0,"original":null,"created_at":1387468378,"like_count":4,"comment_count":0,"repin_count":31,"is_private":0,"extra":null,"orig_source":null,"tags":[],"user":{"user_id":9602989,"username":"勾吻","urlname":"vita","created_at":1378218496,"avatar":{"id":27376218,"farm":"farm1","bucket":"hbimg","key":"c06fc844dc14c0fdf6710c2b313b18035fd1e1ad114e4-SpnHKx","type":"image/jpeg","width":660,"height":495,"frames":1},"extra":null},"board":{"board_id":13579134,"user_id":9602989,"title":"果实","description":"高等植物用于繁衍后代的器官，人类生存必不可少的条件。\n请关注喜欢的画板不要关注账号，以免大量收集带来的困扰。","category_id":"photography","seq":8,"pin_count":280,"follow_count":1065,"like_count":8,"created_at":1380422425,"updated_at":1545919927,"deleting":0,"is_private":0,"extra":{"cover":{"pin_id":"117203704"}}}},{"pin_id":822297915,"user_id":18890608,"board_id":30155478,"file_id":111812513,"file":{"bucket":"hbimg","key":"1c5f57e801f23bd54f5c4b98afce6aa8cf4bdbe8fc3d-2OZIcN","type":"image/jpeg","height":"600","width":"420","frames":"1"},"media_type":0,"source":null,"link":null,"raw_text":"苹果","text_meta":{},"via":1,"via_user_id":0,"original":null,"created_at":1471399777,"like_count":1,"comment_count":0,"repin_count":33,"is_private":0,"extra":null,"orig_source":null,"tags":[],"user":{"user_id":18890608,"username":"泽芥","urlname":"h12zaisg2iw","created_at":1465304827,"avatar":{"id":40428071,"farm":"farm1","bucket":"hbimg","key":"e309f4e8e0985358fcf5abd8f469048adca2d33c2bda-UQyAS3","type":"image/gif","width":100,"height":100,"frames":1},"extra":null},"board":{"board_id":30155478,"user_id":18890608,"title":"Fruits--水果","description":"","category_id":"food_drink","seq":14,"pin_count":4652,"follow_count":2586,"like_count":64,"created_at":1465307879,"updated_at":1546169499,"deleting":0,"is_private":0,"extra":{"cover":{"pin_id":"1577143230"}}}},{"pin_id":2152163124,"user_id":19409278,"board_id":36406852,"file_id":225312837,"file":{"bucket":"hbimg","key":"5f0104fe6c5eb52cfde38a7a8c1e517249af7a05f7ba-y4LXX4","type":"image/jpeg","height":618,"width":1125,"frames":1},"media_type":0,"source":"image5.benlailife.com","link":"https://image5.benlailife.com/AppHomePageImage/47e4c4f672d942cb8f9b2d71d8643fc5_n-n.jpg","raw_text":"苹果","text_meta":{"tags":[]},"via":7,"via_user_id":0,"original":null,"created_at":1543403250,"like_count":3,"comment_count":0,"repin_count":30,"is_private":0,"extra":null,"orig_source":null,"tags":[],"user":{"user_id":19409278,"username":"故事开始","urlname":"jpxnkn80aw","created_at":1474374357,"avatar":{"id":115210277,"farm":"farm1","bucket":"hbimg","key":"f20766cfafa5190f9ba4737334b5b0edb90af1ad1319-sdFai7","type":"image/jpeg","height":"100","width":"100","frames":"1"},"extra":null},"board":{"board_id":36406852,"user_id":19409278,"title":"生鲜电商（综合）","description":"","category_id":"design","seq":1,"pin_count":774,"follow_count":3120,"like_count":153,"created_at":1494214151,"updated_at":1544781061,"deleting":0,"is_private":0,"extra":{"cover":{"pin_id":"1210139106"}}}},{"pin_id":1119077427,"user_id":18890608,"board_id":30155478,"file_id":138441617,"file":{"bucket":"hbimg","key":"b3e142393c0b61f29c2bd91961dd4e782b4e172dc655-Xqc0S6","type":"image/jpeg","height":"600","width":"399","frames":"1"},"media_type":0,"source":null,"link":null,"raw_text":"苹果","text_meta":{"tags":[]},"via":1,"via_user_id":0,"original":null,"created_at":1493168137,"like_count":3,"comment_count":0,"repin_count":30,"is_private":0,"extra":null,"orig_source":null,"tags":[],"user":{"user_id":18890608,"username":"泽芥","urlname":"h12zaisg2iw","created_at":1465304827,"avatar":{"id":40428071,"farm":"farm1","bucket":"hbimg","key":"e309f4e8e0985358fcf5abd8f469048adca2d33c2bda-UQyAS3","type":"image/gif","width":100,"height":100,"frames":1},"extra":null},"board":{"board_id":30155478,"user_id":18890608,"title":"Fruits--水果","description":"","category_id":"food_drink","seq":14,"pin_count":4652,"follow_count":2586,"like_count":64,"created_at":1465307879,"updated_at":1546169499,"deleting":0,"is_private":0,"extra":{"cover":{"pin_id":"1577143230"}}}},{"pin_id":186923936,"user_id":1048571,"board_id":2838271,"file_id":46492061,"file":{"farm":"farm1","bucket":"hbimg","key":"748f2debc63656e3b9571b1032e89ff28b41960338d7a-KY2Ibx","type":"image/jpeg","width":1024,"height":896,"frames":1},"media_type":0,"source":"nipic.com","link":"http://www.nipic.com/show/9767341.html","raw_text":"苹果","text_meta":{},"via":7,"via_user_id":0,"original":null,"created_at":1404963942,"like_count":1,"comment_count":0,"repin_count":30,"is_private":0,"extra":null,"orig_source":null,"tags":[],"user":{"user_id":1048571,"username":"艳炎天的星星","urlname":"houxing2889","created_at":1351657827,"avatar":{"id":2166849,"farm":"farm1","bucket":"hbimg","key":"37ee98eace98096bbe947efc67fb73a6619ce466d5b-knmOMD","type":"image/jpeg","width":100,"height":100,"frames":1},"extra":null},"board":{"board_id":2838271,"user_id":1048571,"title":"水果/厨房","description":"","category_id":"food_drink","seq":1,"pin_count":74,"follow_count":14,"like_count":0,"created_at":1351658073,"updated_at":1492766451,"deleting":0,"is_private":0,"extra":null}},{"pin_id":837088080,"user_id":18890608,"board_id":30155478,"file_id":113106995,"file":{"bucket":"hbimg","key":"5935fc1fdc615d5be68a15e436f358b154ccfe147f63-gBUdg6","type":"image/jpeg","height":"600","width":"400","frames":"1"},"media_type":0,"source":null,"link":null,"raw_text":"苹果","text_meta":{},"via":1,"via_user_id":0,"original":null,"created_at":1472522581,"like_count":1,"comment_count":0,"repin_count":30,"is_private":0,"extra":null,"orig_source":null,"tags":[],"user":{"user_id":18890608,"username":"泽芥","urlname":"h12zaisg2iw","created_at":1465304827,"avatar":{"id":40428071,"farm":"farm1","bucket":"hbimg","key":"e309f4e8e0985358fcf5abd8f469048adca2d33c2bda-UQyAS3","type":"image/gif","width":100,"height":100,"frames":1},"extra":null},"board":{"board_id":30155478,"user_id":18890608,"title":"Fruits--水果","description":"","category_id":"food_drink","seq":14,"pin_count":4652,"follow_count":2586,"like_count":64,"created_at":1465307879,"updated_at":1546169499,"deleting":0,"is_private":0,"extra":{"cover":{"pin_id":"1577143230"}}}},{"pin_id":837086675,"user_id":18890608,"board_id":30155478,"file_id":86945900,"file":{"bucket":"hbimg","key":"bb6df9c18537fb6619381b68c5b3c20d1b4db9e8e4e6-xGwjr7","type":"image/jpeg","height":600,"width":400,"frames":1},"media_type":0,"source":null,"link":null,"raw_text":"苹果","text_meta":{},"via":1,"via_user_id":0,"original":null,"created_at":1472522552,"like_count":6,"comment_count":0,"repin_count":25,"is_private":0,"extra":null,"orig_source":null,"tags":[],"user":{"user_id":18890608,"username":"泽芥","urlname":"h12zaisg2iw","created_at":1465304827,"avatar":{"id":40428071,"farm":"farm1","bucket":"hbimg","key":"e309f4e8e0985358fcf5abd8f469048adca2d33c2bda-UQyAS3","type":"image/gif","width":100,"height":100,"frames":1},"extra":null},"board":{"board_id":30155478,"user_id":18890608,"title":"Fruits--水果","description":"","category_id":"food_drink","seq":14,"pin_count":4652,"follow_count":2586,"like_count":64,"created_at":1465307879,"updated_at":1546169499,"deleting":0,"is_private":0,"extra":{"cover":{"pin_id":"1577143230"}}}},{"pin_id":111182689,"user_id":970352,"board_id":7805070,"file_id":30478233,"file":{"farm":"farm1","bucket":"hbimg","key":"99264c2bdb76d1be1db00b228d2d045d25da0fbc7e425-IGfzLL","type":"image/jpeg","width":1920,"height":1080,"frames":1},"media_type":0,"source":"image.baidu.com","link":"http://image.baidu.com/i?ct=503316480&z=3&tn=baiduimagedetail&ipn=d&word=%E8%8B%B9%E6%9E%9C&step_word=&ie=utf-8&in=22263&cl=2&lm=-1&st=-1&pn=28&rn=1&di=64392104610&ln=1998&fr=&&fmq=1381373132998_R&ic=0&s=&se=1&sme=0&tab=&width=0&height=0&face=0&is=&istype","raw_text":"苹果","text_meta":null,"via":7,"via_user_id":0,"original":null,"created_at":1381372605,"like_count":3,"comment_count":0,"repin_count":27,"is_private":0,"extra":null,"orig_source":null,"tags":[],"user":{"user_id":970352,"username":"橙子汐汐","urlname":"ronger2008","created_at":1350107018,"avatar":{"id":96493457,"farm":"farm1","bucket":"hbimg","key":"45271e2957cbf3c07cd786dcaefdaa94ba360d6227a3b-o5dafF","type":"image/jpeg","height":"1200","frames":"1","width":"1920"},"extra":null},"board":{"board_id":7805070,"user_id":970352,"title":"高清图片素材","description":"","category_id":"design","seq":43,"pin_count":150,"follow_count":589,"like_count":2,"created_at":1371785991,"updated_at":1402040433,"deleting":0,"is_private":0,"extra":null}},{"pin_id":162630437,"user_id":1081115,"board_id":2942568,"file_id":39548132,"file":{"farm":"farm1","bucket":"hbimg","key":"088d6ec257ec1ebd12aa381d806a94d7e2f70cf51a0ef-I07xJo","type":"image/jpeg","width":440,"height":696,"frames":1},"media_type":0,"source":"weibo.com","link":"http://weibo.com/mygroups?gid=3511934576280203&wvr=5&leftnav=1","raw_text":"#苹果#","text_meta":{},"via":145595021,"via_user_id":124411,"original":145595021,"created_at":1399548887,"like_count":5,"comment_count":0,"repin_count":25,"is_private":0,"extra":null,"orig_source":null,"tags":[],"user":{"user_id":1081115,"username":"-STAR-","urlname":"q22639540","created_at":1352296403,"avatar":{"id":7931834,"farm":"farm1","bucket":"hbimg","key":"5a5439a91f3e962a7215e57f7949ac14cf50ff7a12a72-c0B1XL","type":"image/pjpeg","width":480,"height":720,"frames":1},"extra":null},"board":{"board_id":2942568,"user_id":1081115,"title":"烹饪","description":"","category_id":"food_drink","seq":12,"pin_count":44,"follow_count":43,"like_count":0,"created_at":1352683081,"updated_at":1485411256,"deleting":0,"is_private":0,"extra":null},"via_user":{"user_id":124411,"username":"洗荷听雨","urlname":"c124411","created_at":1331371888,"avatar":{"id":12995348,"farm":"farm1","bucket":"hbimg","key":"46ae10065486c763458f48c2636da5bc4aefead2221ea-QXIfMj","type":"image/jpeg","width":510,"height":508,"frames":1},"extra":null}},{"pin_id":758146011,"user_id":18890608,"board_id":30155478,"file_id":106399285,"file":{"farm":"farm1","bucket":"hbimg","key":"bd6a00e89ef5ffbccdd3e16253634c6f6f70fe89df94-uGrKFH","type":"image/jpeg","height":"640","width":"482","frames":"1"},"media_type":0,"source":null,"link":null,"raw_text":"苹果","text_meta":{},"via":1,"via_user_id":0,"original":null,"created_at":1466486517,"like_count":4,"comment_count":0,"repin_count":25,"is_private":0,"extra":null,"orig_source":null,"tags":[],"user":{"user_id":18890608,"username":"泽芥","urlname":"h12zaisg2iw","created_at":1465304827,"avatar":{"id":40428071,"farm":"farm1","bucket":"hbimg","key":"e309f4e8e0985358fcf5abd8f469048adca2d33c2bda-UQyAS3","type":"image/gif","width":100,"height":100,"frames":1},"extra":null},"board":{"board_id":30155478,"user_id":18890608,"title":"Fruits--水果","description":"","category_id":"food_drink","seq":14,"pin_count":4652,"follow_count":2586,"like_count":64,"created_at":1465307879,"updated_at":1546169499,"deleting":0,"is_private":0,"extra":{"cover":{"pin_id":"1577143230"}}}},{"pin_id":1319364842,"user_id":18890608,"board_id":30155478,"file_id":160426251,"file":{"bucket":"hbimg","key":"0c93aeba1a4a0fa00bc3cf7a591c7ae45af8079abc4f-6ehQV3","type":"image/jpeg","height":"600","width":"461","frames":"1"},"media_type":0,"source":null,"link":null,"raw_text":"苹果","text_meta":{"tags":[]},"via":1,"via_user_id":0,"original":null,"created_at":1505523952,"like_count":2,"comment_count":0,"repin_count":25,"is_private":0,"extra":null,"orig_source":null,"tags":[],"user":{"user_id":18890608,"username":"泽芥","urlname":"h12zaisg2iw","created_at":1465304827,"avatar":{"id":40428071,"farm":"farm1","bucket":"hbimg","key":"e309f4e8e0985358fcf5abd8f469048adca2d33c2bda-UQyAS3","type":"image/gif","width":100,"height":100,"frames":1},"extra":null},"board":{"board_id":30155478,"user_id":18890608,"title":"Fruits--水果","description":"","category_id":"food_drink","seq":14,"pin_count":4652,"follow_count":2586,"like_count":64,"created_at":1465307879,"updated_at":1546169499,"deleting":0,"is_private":0,"extra":{"cover":{"pin_id":"1577143230"}}}},{"pin_id":1190865402,"user_id":18890608,"board_id":30155478,"file_id":146885048,"file":{"bucket":"hbimg","key":"a78ea1a5b991dbe0ca51e622e44063cc063b6c74c312-G9bGKJ","type":"image/jpeg","height":"600","width":"450","frames":"1"},"media_type":0,"source":null,"link":null,"raw_text":"苹果","text_meta":{"tags":[]},"via":1,"via_user_id":0,"original":null,"created_at":1497582489,"like_count":1,"comment_count":0,"repin_count":25,"is_private":0,"extra":null,"orig_source":null,"tags":[],"user":{"user_id":18890608,"username":"泽芥","urlname":"h12zaisg2iw","created_at":1465304827,"avatar":{"id":40428071,"farm":"farm1","bucket":"hbimg","key":"e309f4e8e0985358fcf5abd8f469048adca2d33c2bda-UQyAS3","type":"image/gif","width":100,"height":100,"frames":1},"extra":null},"board":{"board_id":30155478,"user_id":18890608,"title":"Fruits--水果","description":"","category_id":"food_drink","seq":14,"pin_count":4652,"follow_count":2586,"like_count":64,"created_at":1465307879,"updated_at":1546169499,"deleting":0,"is_private":0,"extra":{"cover":{"pin_id":"1577143230"}}}},{"pin_id":165930699,"user_id":6383112,"board_id":5486629,"file_id":43279021,"file":{"farm":"farm1","bucket":"hbimg","key":"74a8738d3662a3453810016b117ea8921187ea59a842-P44eiv","type":"image/jpeg","width":750,"height":508,"frames":1},"media_type":0,"source":"kejixun.com","link":"http://www.kejixun.com/article/201311/22556.html","raw_text":"苹果","text_meta":{},"via":2,"via_user_id":0,"original":null,"created_at":1400325836,"like_count":5,"comment_count":0,"repin_count":21,"is_private":0,"extra":null,"orig_source":null,"tags":[],"user":{"user_id":6383112,"username":"我是小状元","urlname":"y7dhzlkyo0r","created_at":1358927470,"avatar":{"id":37609031,"farm":"farm1","bucket":"hbimg","key":"2118cd738ae000e82b34cb25b519ca67fdd744f54104bd-7zdNDO","type":"image/jpeg","width":2908,"height":4144,"frames":1},"extra":null},"board":{"board_id":5486629,"user_id":6383112,"title":"5.设计语言—几何体分割","description":"","category_id":"industrial_design","seq":6,"pin_count":981,"follow_count":880,"like_count":9,"created_at":1369790548,"updated_at":1447810203,"deleting":0,"is_private":0,"extra":{"cover":{"pin_id":"252112615"}}}},{"pin_id":619096567,"user_id":16737964,"board_id":27941485,"file_id":79230656,"file":{"farm":"farm1","bucket":"hbimg","key":"bef6e3f8d247e73fce89fe182fa9e847b4199ce268d62-EY5h6W","type":"image/jpeg","width":1024,"height":922,"frames":1},"media_type":0,"source":"nipic.com","link":"http://www.nipic.com/show/12268734.html","raw_text":"苹果","text_meta":{},"via":514122408,"via_user_id":12785236,"original":448227956,"created_at":1456327989,"like_count":3,"comment_count":0,"repin_count":23,"is_private":0,"extra":null,"orig_source":"http://pic64.nipic.com/file/20150420/9885883_215946350000_2.jpg","tags":[],"user":{"user_id":16737964,"username":"silmon","urlname":"veve8rieke","created_at":1420706329,"avatar":{"id":66020725,"farm":"farm1","bucket":"hbimg","key":"7ba5fd2171c67052d3f7a697fa3de6db6595d3a4b31-LTX9bY","type":"image/jpeg","width":100,"height":100,"frames":1},"extra":null},"board":{"board_id":27941485,"user_id":16737964,"title":"水果、蔬菜、干货素材","description":"","category_id":"food_drink","seq":67,"pin_count":469,"follow_count":375,"like_count":3,"created_at":1453289165,"updated_at":1533029545,"deleting":0,"is_private":0,"extra":null},"via_user":{"user_id":12785236,"username":"就是喜欢乱七八糟","urlname":"k77xesistds","created_at":1396417074,"avatar":{"id":40676095,"farm":"farm1","bucket":"hbimg","key":"f7376a87ab33b39f315c17b940b7967525ad42461a96-iAw9pK","type":"image/jpeg","width":100,"height":100,"frames":1},"extra":null}},{"pin_id":1203683774,"user_id":18890608,"board_id":30155478,"file_id":148389399,"file":{"bucket":"hbimg","key":"793b0e4024a2a10697d4eb91e47b35bfce98b131f28f-dHdJN8","type":"image/jpeg","height":"600","width":"400","frames":"1"},"media_type":0,"source":null,"link":null,"raw_text":"苹果","text_meta":{"tags":[]},"via":1,"via_user_id":0,"original":null,"created_at":1498439368,"like_count":3,"comment_count":0,"repin_count":22,"is_private":0,"extra":null,"orig_source":null,"tags":[],"user":{"user_id":18890608,"username":"泽芥","urlname":"h12zaisg2iw","created_at":1465304827,"avatar":{"id":40428071,"farm":"farm1","bucket":"hbimg","key":"e309f4e8e0985358fcf5abd8f469048adca2d33c2bda-UQyAS3","type":"image/gif","width":100,"height":100,"frames":1},"extra":null},"board":{"board_id":30155478,"user_id":18890608,"title":"Fruits--水果","description":"","category_id":"food_drink","seq":14,"pin_count":4652,"follow_count":2586,"like_count":64,"created_at":1465307879,"updated_at":1546169499,"deleting":0,"is_private":0,"extra":{"cover":{"pin_id":"1577143230"}}}}],"page":4,"ads":{"normalAds":[],"fixedAds":[{"id":801,"name":"live_135","link":"http://live.huaban.com/live/135?utm_source=huaban&utm_medium=homefeed&utm_campaign=ads-135","image":{"bucket":"hbimg-other","key":"f0f2ea8a50fb5f1d833f23d1719fe3162f384cec108fe","width":472,"height":840},"type":0,"placement":"PC:fixed:home,PC:fixed:search,PC:fixed:all","category":"CATEGORY_all","status":1,"startAt":1546963200,"endAt":1547654400,"position":0},{"id":802,"name":"meisu_prj新年和元宵节专辑","link":"http://meisu.huaban.com/activity.php?id=43&act=sale_list&hmsr=xnhbssjg&hmpl=&hmcu=&hmkw=&hmci=","image":{"bucket":"hbimg-other","key":"7ebde6603f5373f9415f86782292293583bc2efe28ed2","width":474,"height":840},"type":0,"placement":"PC:fixed:search","category":"CATEGORY_all","status":1,"startAt":1546963200,"endAt":1547568000,"position":0}]},"search_ads":[],"target":"/search/?q=%E8%8B%B9%E6%9E%9C"}